[
    {
        "name" : "Learning skills", 
        "description" : "Lorem ipsum dolor sit amet consectetur adipisicing elit. Consequuntur eius sit omnis, non maxime distinctio odit placeat nulla hic nesciunt, doloremque dignissimos provident molestiae esse? Dicta id pariatur labore asperiores", 
        "duration" : "20"
    },
    {
        "name" : "ICT Management", 
        "description" : "Lorem ipsum dolor sit amet consectetur adipisicing elit. Consequuntur eius sit omnis, non maxime distinctio odit placeat nulla hic nesciunt, doloremque dignissimos provident molestiae esse? Dicta id pariatur labore asperiores", 
        "duration" : "5"
    },
    {
        "name" : "The Youth and Technology", 
        "description" : "Lorem ipsum dolor sit amet consectetur adipisicing elit. Consequuntur eius sit omnis, non maxime distinctio odit placeat nulla hic nesciunt, doloremque dignissimos provident molestiae esse? Dicta id pariatur labore asperiores", 
        "duration" : "10"
    },
    {
        "name" : "Business Computing", 
        "description" : "Lorem ipsum dolor sit amet consectetur adipisicing elit. Consequuntur eius sit omnis, non maxime distinctio odit placeat nulla hic nesciunt, doloremque dignissimos provident molestiae esse? Dicta id pariatur labore asperiores", 
        "duration" : "10"
    }
]