{
    "manager_key_user": {
        "general": [
            "view_manager_portal"
        ],

        "trainer": [
            "view_trainers",
            "activate_trainers",
            "deactivate_trainers"
        ],

        "service": [
            "view_services",
            "create_services",
            "update_services",
            "delete_services"
        ],

        "areas": [
            "view_areas",
            "create_areas",
            "update_areas",
            "delete_areas"
        ],

        "topics": [
            "view_topics",
            "create_topics",
            "update_topics",
            "delete_topics"
        ],

        "trainees": [
            "view_trainees",
            "update_trainees",
            "activate_trainees",
            "deactivate_trainees"
        ],

        "module_template": [
            "view_module_templates",
            "create_module_templates",
            "update_module_templates",
            "activate_module_templates",
            "delete_module_templates"
        ],

        "training_request": [
            "view_training_requests",
            "create_training_requests",
            "update_training_requests",
            "manage_training_requests",
            "generate_training_request_report",
            "generate_training_provision_report",
            "generate_complete_training_report"
        ],

        "workplan_modules": [
            "view_workplan_modules",
            "create_workplan_modules",
            "update_workplan_modules",
            "delete_workplan_modules",
            "generate_workplan_report"
        ],

        "evaluation": [
            "view_evaluations",
            "generate_pre_evaluation_report",
            "generate_post_evaluation_report"
        ],

        "sow": [
            "view_sows",
            "create_sows",
            "update_sows",
            "sign_sows",

            "generate_sow_report",
            "download_sow_pdf"
        ],

        "upload": [
            "view_uploads",
            "create_uploads",
            "update_uploads",
            "download_uploads"
        ],

        "notification": [
            "view_notifications",
            "read_notifications",
            "unread_notifications"
        ],

        "rating": [
            "create_ratings",
            "view_ratings",
            "update_ratings",

            "create_pre_qualification_ratings",
            "view_pre_qualification_ratings",
            "update_pre_qualification_ratings",

            "generate_prequalification_rating_report",
            "generate_trainer_rating_report",
            "generate_trainee_rating_report"
        ],

        "rating-parameter": [
            "create_rating_parameters",
            "view_rating_parameters",
            "update_rating_parameters",
            "delete_rating_parameters",
            "activate_rating_parameters",
            "deactivate_rating_parameters"
        ],

        "organization": [
            "create_organizations",
            "view_organizations",
            "update_organizations",
            "delete_organizations",
            "activate_organizations",
            "deactivate_organizations"
        ],

        "setting": [
            "create_settings",
            "view_settings",
            "update_settings"
        ],

        "setting_value": [
            "create_setting_values",
            "view_setting_values",
            "update_setting_values",
            "delete_setting_values"
        ],

        "user": [
            "view_users",
            "activate_users",
            "deactivate_users",
            "update_user_permissions",

            "view_user_portal",
            "update_user_portal",

            "generate_user_report"
        ]
    },

    "trainer_key_user": {
        "general": [
            "view_trainer_portal",
            "generate_report"
        ],

        "user": [
            "view_user_portal",
            "update_user_portal"
        ],

        "trainer": [
            "view_trainers",
            "update_trainers"
        ],

        "training_request": [
            "view_training_requests",
            "accept_training_requests",
            "decline_training_requests",
            "generate_training_request_report",
            "generate_training_provision_report",
            "generate_complete_training_report"
        ],

        "upload": [
            "view_uploads",
            "download_uploads"
        ],

        "sow": [
            "view_sows",
            "sign_sows",
            "generate_sow_report",
            "download_sow_pdf"
        ],

        "workplan_module": [
            "view_workplan_modules",
            "start_workplan_modules",
            "end_workplan_modules"
        ],

        "rating": [
            "create_ratings",
            "view_ratings",
            "update_ratings",

            "generate_prequalification_rating_report",
            "generate_trainer_rating_report",
            "generate_trainee_rating_report"
        ],

        "notification": [
            "view_notifications",
            "read_notifications",
            "unread_notifications"
        ]
    },

    "trainee_key_user" :{
        "general": [
            "view_trainee_portal",
            "generate_report"
        ],
        "user": [
            "view_user_portal",
            "update_user_portal"
        ],

        "trainee": [
            "view_trainees"
        ],
        "training_request":[
            "view_training_requests",
            "generate_training_provision_report",
            "generate_complete_training_report"
        ],
        "evaluation" : [
            "view_evaluations",
            "create_evaluations",
            "update_evaluations",
            "generate_pre_evaluation_report",
            "generate_post_evaluation_report"
        ],
        "workplan-module" : [
            "view_workplan_modules"
        ],
        "upload" : [
            "view_uploads",
            "download_uploads"
        ],
        "rating" : [
            "create_ratings",
            "view_ratings",
            "update_ratings"
        ],
        "notification" : [
            "view_notifications",
            "read_notifications",
            "unread_notifications"
        ]
    }
}
