[
    {
        "name": "Demonstrated knowledge of the service/ activity/ module content",
        "entity": "workplan",
        "type": "post-evaluation",
        "max_rating": 10.00
    },
    {
        "name": "Communicated clearly",
        "entity": "workplan",
        "type": "post-evaluation",
        "max_rating": 10.00
    },
    {
        "name": "Encouraged participation and discussions",
        "entity": "workplan",
        "type": "post-evaluation",
        "max_rating": 10.00
    },
    {
        "name": "Used examples to ensure learning was related to the job/ actual tasks to be carried out",
        "entity": "workplan",
        "type": "post-evaluation",
        "max_rating": 10.00
    },
    {
        "name": "Developed a relationship with trainees/counterparts",
        "entity": "trainer",
        "type": "rating",
        "max_rating": 10.00
    },
    {
        "name": "Captured and maintained the attention and interest of trainees/ counterparts at all times",
        "entity": "trainer",
        "type": "rating",
        "max_rating": 10.00
    },
    {
        "name": "Effectively fostered learning, built capacity and developed skills.(Overall Rating)",
        "entity": "trainer",
        "type": "rating",
        "max_rating": 10.00
    },
    {
        "name": "Actively participated in group activities",
        "entity": "trainee",
        "type": "rating",
        "max_rating": 10.00
    },
    {
        "name": "Responsively answered questions",
        "entity": "trainee",
        "type": "rating",
        "max_rating": 10.00
    },
    {
        "name": "Demonstrated technical skills in modules being taught",
        "entity": "trainee",
        "type": "rating",
        "max_rating": 10.00
    },

    {
        "name": "Communication Skills",
        "entity": "trainer",
        "type": "pre-qualification",
        "max_rating": 10.00
    },
    {
        "name": "Responsiveness",
        "entity": "trainer",
        "type": "pre-qualification",
        "max_rating": 10.00
    },
    {
        "name": "Knowledgable",
        "entity": "trainer",
        "type": "pre-qualification",
        "max_rating": 10.00
    }
]
