[
    {
        "name": "ICT Services",
        "areas": [
            {
                "name": "Marketing Management",
                "topics": [
                    "Caring for the Customer",
                    "Achieving Success in Marketing",
                    "Assessing Marketing Opportunities",
                    "Developing a Competition Strategy",
                    "Positioning Yourself in the Market",
                    "Establishing Your Marketing Mix Strategy",
                    "Preparing Your Product Strategy",
                    "Working Out Your Pricing Strategy",
                    "Creating Your Distribution Strategy",
                    "Developing an Integrated Marketing Communication Strategy",
                    "Selling Skills Training"
                ]
            },
            {
                "name": "Human Resource Management",
                "topics": [
                    "Organizing for Successful Training & Development",
                    "Recruiting for Key Management Positions",
                    "Planning for HR",
                    "Retaining Top Employees",
                    "Establishing Compensation & Benefits"
                ]
            },
            {
                "name": "Financial Management and Accounting",
                "topics": [
                    "Controlling Costs",
                    "Working with Budgets",
                    "Using & Analyzing Financial Statements",
                    "Developing a Business Plan for a New Venture",
                    "Access to Finance"
                ]
            }
        ]
    },
    {
        "name": "Business Development Services",
        "areas": [
            {
                "name": "General and Operations Management",
                "topics": [
                    "Achieving Quality",
                    "Understanding Quality",
                    "Controlling Physical Resources",
                    "Auditing Quality",
                    "Planning and Controlling Work"
                ]
            },
            {
                "name": "Personal Productivity Skills",
                "topics": [
                    "Motivating People",
                    "Managing Changes",
                    "Managing with Authority",
                    "Delegating Effectively",
                    "Managing Time",
                    "Becoming a More Effective Manager",
                    "Solving Problems",
                    "Communicating Effectively",
                    "Coaching",
                    "Influencing",
                    "Using Information for Decision Making",
                    "Leading your Team"
                ]
            }
        ]
    }
]
