[
    {
        "staff_id": "1143",
        "username": "Chris Evans",
        "name": "Inuka Admin",
        "email": "admin@inuka.co.ke",
        "telephone": "254702891010",
        "branch": 1,
        "password": "",
        "mpassword": "",
        "twofa": "YRFZCKUJYPVUE2UZ",
        "twofa_secret": "",
        "api_name": "",
        "api_key": "",
        "type": 2,
        "active": 1,
        "notes": "Inuka Admin",
        "reset": 0,
        "deleted": 0,
        "default_system": "hrmdev",
        "allowed_systems": "hrmdev",
        "roles": [
            1,2
        ]
    },
    {
        "staff_id": "1144",
        "username": "Robert Downey jr",
        "name": "Inuka Key Manager 1",
        "email": "inukakeymanager1@gmail.com",
        "telephone": "254720465370",
        "branch": 1,
        "password": "",
        "mpassword": "",
        "twofa": "YRFZCKUJYPVUE2UZ",
        "twofa_secret": "",
        "api_name": "",
        "api_key": "",
        "type": 2,
        "active": 1,
        "notes": "Key Manager 1",
        "reset": 0,
        "deleted": 0,
        "default_system": "hrmdev",
        "allowed_systems": "hrmdev",
        "roles": [
            1,2
        ]
    },
    {
        "staff_id": "1142",
        "username": "Robert Downey jr",
        "name": "Inuka Key Manager 2",
        "email": "inukakeymanager2@gmail.com",
        "telephone": "254721465470",
        "branch": 1,
        "password": "",
        "mpassword": "",
        "twofa": "YRFZCKUJYPVUE2UZ",
        "twofa_secret": "",
        "api_name": "",
        "api_key": "",
        "type": 2,
        "active": 1,
        "notes": "Key Manager 2",
        "reset": 0,
        "deleted": 0,
        "default_system": "hrmdev",
        "allowed_systems": "hrmdev",
        "roles": [
            1,2
        ]
    }
]