[
    {
        "user": {
            "name": "Key Trainer 1",
            "email": "keytrainer1@gmail.com",
            "status": "ACTIVE",
            "trainer_status": "AWAITING_PREQUALIFICATION",
            "roles": [
                "trainer_key_user"
            ]
        },
        "topics": [
            "Caring for the Customer",
            "Achieving Success in Marketing",
            "Assessing Marketing Opportunities",
            "Developing a Competition Strategy",
            "Positioning Yourself in the Market",
            "Establishing Your Marketing Mix Strategy",
            "Preparing Your Product Strategy",
            "Working Out Your Pricing Strategy",
            "Creating Your Distribution Strategy",
            "Developing an Integrated Marketing Communication Strategy",
            "Selling Skills Training"
        ]
    },
    {
        "user": {
            "name": "Key Trainer 2",
            "email": "keytrainer2@gmail.com",
            "status": "ACTIVE",
            "trainer_status": "PREQUALIFIED",
            "roles": [
                "trainer_key_user"
            ]
        },
        "topics": [
            "Caring for the Customer",
            "Achieving Success in Marketing",
            "Assessing Marketing Opportunities",
            "Organizing for Successful Training & Development",
            "Recruiting for Key Management Positions",
            "Planning for HR",
            "Retaining Top Employees",
            "Establishing Compensation & Benefits"
        ]
    },
    {
        "user": {
            "name": "Key Trainer 3",
            "email": "keytrainer3@gmail.com",
            "status": "ACTIVE",
            "trainer_status": "PREQUALIFIED",
            "roles": [
                "trainer_key_user"
            ]
        },
        "topics": [
            "Caring for the Customer",
            "Achieving Success in Marketing",
            "Assessing Marketing Opportunities",
            "Controlling Costs",
            "Working with Budgets",
            "Using & Analyzing Financial Statements",
            "Developing a Business Plan for a New Venture",
            "Access to Finance"
        ]
    }
]
