[
    {
        "topic": "Developing a Competition Strategy",
        "trainer": "Key Trainer 1",
        "trainee": "Inuka Africa",
        "manager": "Inuka Key Manager 1",
        "status": "AWAITING_PUBLISHING"
    },

    {
        "topic": "Establishing Your Marketing Mix Strategy",
        "trainer": "Key Trainer 1",
        "trainee": "Inuka Africa",
        "manager": "Inuka Key Manager 1",
        "status": "AWAITING_TRAINER_APPROVAL"
    },

    {
        "topic": "Positioning Yourself in the Market",
        "trainer": "Key Trainer 1",
        "trainee": "Inuka Africa",
        "manager": "Inuka Key Manager 1",
        "status": "REJECTED_BY_THE_TRAINER"
    },

    {
        "topic": "Assessing Marketing Opportunities",
        "trainer": "Key Trainer 1",
        "trainee": "Inuka Africa",
        "manager": "Inuka Key Manager 2",
        "status": "AWAITING_RATING"
    },

    {
        "topic": "Preparing Your Product Strategy",
        "trainer": "Key Trainer 1",
        "trainee": "Inuka Africa",
        "manager": "Inuka Key Manager 2",
        "status": "COMPLETED"
    },

    {
        "topic": "Achieving Success in Marketing",
        "trainer": "Key Trainer 1",
        "trainee": "Inuka Africa",
        "manager": "Inuka Key Manager 1",
        "status": "AWAITING_PRE-TRAINING_EVALUATION"
    }
]
