[
    {
        "organization": {
            "name": "Inuka Africa",
            "email": "info@inuka.co.ke",
            "trainee_status": "AVAILABLE"
        },
        "users": [
            {
                "name": "Inuka Key Trainee 1",
                "email": "inukakeytrainee1@gmail.com",
                "roles": [
                    "trainee_key_user"
                ]
            },
            {
                "name": "Inuka Key Trainee 2",
                "email": "inukakeytrainee2@gmail.com",
                "roles": [
                    "trainee_key_user"
                ]
            },
            {
                "name": "Inuka Trainee 3",
                "email": "inukakeytrainee3@gmail.com",
                "roles": [
                    "trainee_key_user"
                ]
            }
        ],
        "topics": [
            "Caring for the Customer",
            "Achieving Success in Marketing",
            "Assessing Marketing Opportunities",
            "Developing a Competition Strategy",
            "Positioning Yourself in the Market",
            "Establishing Your Marketing Mix Strategy",
            "Preparing Your Product Strategy",
            "Working Out Your Pricing Strategy",
            "Creating Your Distribution Strategy",
            "Developing an Integrated Marketing Communication Strategy",
            "Selling Skills Training",
            "Organizing for Successful Training & Development",
            "Recruiting for Key Management Positions",
            "Planning for HR",
            "Retaining Top Employees",
            "Establishing Compensation & Benefits"
        ]
    },
    {
        "organization": {
            "name": "African Union",
            "email": "info@africa.co.ke",
            "trainee_status": "AVAILABLE"
        },
        "users": [
            {
                "name": "Union Key Trainee 1",
                "email": "unionkeytrainee1@gmail.com",
                "roles": [
                    "trainee_key_user"
                ]
            },
            {
                "name": "Union Key Trainee 2",
                "email": "unionkeytrainee2@gmail.com",
                "roles": [
                    "trainee_key_user"
                ]
            },
            {
                "name": "Union Trainee 3",
                "email": "unionkeytrainee3@gmail.com",
                "roles": [
                    "trainee_key_user"
                ]
            }
        ],
        "topics": [
            "Caring for the Customer",
            "Achieving Success in Marketing",
            "Assessing Marketing Opportunities",
            "Developing a Competition Strategy",
            "Positioning Yourself in the Market",
            "Establishing Your Marketing Mix Strategy",
            "Preparing Your Product Strategy",
            "Working Out Your Pricing Strategy",
            "Creating Your Distribution Strategy",
            "Developing an Integrated Marketing Communication Strategy",
            "Selling Skills Training",
            "Organizing for Successful Training & Development",
            "Recruiting for Key Management Positions",
            "Planning for HR",
            "Retaining Top Employees",
            "Establishing Compensation & Benefits"
        ]
    },
    {
        "organization": {
            "name": "Sample Institution",
            "email": "info@sample.co.ke",
            "trainee_status": "AVAILABLE"
        },
        "users": [
            {
                "name": "Sample Key Trainee 1",
                "email": "samplekeytrainee1@gmail.com",
                "roles": [
                    "trainee_key_user"
                ]
            },
            {
                "name": "Sample Key Trainee 2",
                "email": "samplekeytrainee2@gmail.com",
                "roles": [
                    "trainee_key_user"
                ]
            },
            {
                "name": "Sample Trainee 3",
                "email": "samplekeytrainee3@gmail.com",
                "roles": [
                    "trainee_key_user"
                ]
            }
        ],
        "topics": [
            "Caring for the Customer",
            "Achieving Success in Marketing",
            "Assessing Marketing Opportunities",
            "Developing a Competition Strategy",
            "Positioning Yourself in the Market",
            "Establishing Your Marketing Mix Strategy",
            "Preparing Your Product Strategy",
            "Working Out Your Pricing Strategy",
            "Creating Your Distribution Strategy",
            "Developing an Integrated Marketing Communication Strategy",
            "Selling Skills Training",
            "Organizing for Successful Training & Development",
            "Recruiting for Key Management Positions",
            "Planning for HR",
            "Retaining Top Employees",
            "Establishing Compensation & Benefits"
        ]
    }
]
