{
  "staff_id: 1141": {
    "basic": 100000,
    "gross": 97800,
    "relief": 2400,
    "net": 76076.65,
    "payee": 24123.35,
    "payeeRelief": 21723.35,
    "total_deductions": 2200,
    "total_allowances": 0,
    "deductions": [
      {
        "name": "Welfare",
        "amount": 200,
        "description": "Welfare"
      },
      {
        "name": "SACCO",
        "amount": 500,
        "description": "Sacco Contributions"
      },
      {
        "type": 1,
        "amount": "1500.00",
        "description": "test"
      }
    ],
    "allowances": []
  }
}