[
  {
    "name": "view_all_job_openings",
    "description": "Permission to view all job openings"
  },
  {
    "name": "view_job_opening",
    "description": "Permission to view an individual job opening"
  },
  {
    "name": "edit_job_opening",
    "description": "Permission to edit an individual job opening"
  },
  {
    "name": "create_job_opening",
    "description": "Permission to create a new job opening"
  },
  {
    "name": "delete_job_opening",
    "description": "Permission to delete an individual job opening"
  },
  {
    "name": "view_all_job_types",
    "description": "Permission to view all job types"
  },
  {
    "name": "view_job_type",
    "description": "Permission to view an individual job type"
  },
  {
    "name": "edit_job_type",
    "description": "Permission to edit an individual job type"
  },
  {
    "name": "create_job_type",
    "description": "Permission to create a new job type"
  },
  {
    "name": "delete_job_type",
    "description": "Permission to delete an individual job type"
  },
  {
    "name": "view_all_applicants",
    "description": "Permission to view all applicants"
  },
  {
    "name": "view_applicant",
    "description": "Permission to view an individual applicant"
  },
  {
    "name": "edit_applicant",
    "description": "Permission to edit an individual applicant"
  },
  {
    "name": "create_applicant",
    "description": "Permission to create a new applicant"
  },
  {
    "name": "delete_applicant",
    "description": "Permission to delete an individual applicant"
  },
  {
    "name": "view_all_pools",
    "description": "Permission to view all pools"
  },
  {
    "name": "view_pool",
    "description": "Permission to view an individual pool"
  },
  {
    "name": "create_pool",
    "description": "Permission to create a new pool"
  },
  {
    "name": "update_pool",
    "description": "Permission to edit an individual pool"
  },
  {
    "name": "delete_pool",
    "description": "Permission to delete an individual pool"
  },
  {
    "name": "send_message",
    "description": "Permission to send message to all applicants in pool"
  },
  {
    "name": "view_all_questionnaires",
    "description": "Permission to view all questionnaires"
  },
  {
    "name": "view_questionnaire",
    "description": "Permission to view an individual questionnaire"
  },
  {
    "name": "create_questionnaire",
    "description": "Permission to create a new questionnaire"
  },
  {
    "name": "update_questionnaire",
    "description": "Permission to edit an individual questionnaire"
  },
  {
    "name": "delete_questionnaire",
    "description": "Permission to delete an individual questionnaire"
  },
  {
    "name": "view_all_test_results",
    "description": "Permission to view all test results"
  },
  {
    "name": "view_test_result",
    "description": "Permission to view an individual test result"
  },
  {
    "name": "create_test_result",
    "description": "Permission to create a new test result"
  },
  {
    "name": "update_test_result",
    "description": "Permission to edit an individual test result"
  },
  {
    "name": "delete_test_result",
    "description": "Permission to delete an individual test result"
  },
  {
    "name": "leaves_mark_staff_as_reported",
    "description": "Mark a leave request by a staff to have reported back from leave"
  },
  {
    "name": "leaves_approve_leave",
    "description": "Approve a leave request"
  },
  {
    "name": "leaves_create_approval_flow",
    "description": "Create a new leave approval flow"
  },
  {
    "name": "leaves_unpaid_leave",
    "description": "List unpaid leave days total"
  },
  {
    "name": "leaves_create_leave",
    "description": "Create a new leave request"
  },
  {
    "name": "leaves_create_leave_types",
    "description": "Create a leave type"
  },
  {
    "name": "leaves_delete_approval_flow",
    "description": "Soft delete a leave approval flow"
  },
  {
    "name": "leaves_delete_leave",
    "description": "Soft delete leave request"
  },
  {
    "name": "leaves_delete_leave_types",
    "description": "Soft delete leave type"
  },
  {
    "name": "leaves_destroy_approval_flow",
    "description": "Permanently delete a leave approval flow"
  },
  {
    "name": "leaves_destroy_leave",
    "description": "Permanently delete a leave request"
  },
  {
    "name": "leaves_destroy_leave_types",
    "description": "Permanently delete a leave type"
  },
  {
    "name": "leaves_filter_leaves",
    "description": "Filter leave requests"
  },
  {
    "name": "leaves_list_approval_flows",
    "description": "List approval flows"
  },
  {
    "name": "leaves_list_leave_types",
    "description": "List leave types"
  },
  {
    "name": "leaves_list_leaves",
    "description": "List leave requests"
  },
  {
    "name": "leaves_reject_leave",
    "description": "Reject a leave request"
  },
  {
    "name": "leaves_restore_approval_flow",
    "description": "Restore a soft deleted leave approval flow"
  },
  {
    "name": "leaves_restore_leave",
    "description": "Restore a soft deleted leave request"
  },
  {
    "name": "leaves_restore_leave_types",
    "description": "Restore a soft deleted leave type"
  },
  {
    "name": "leaves_update_leave",
    "description": "Update a leave request"
  },
  {
    "name": "leaves_update_leave_types",
    "description": "Update a leave type"
  },
  {
    "name": "leaves_view_approval_flows",
    "description": "List approval flows"
  },
  {
    "name": "leaves_view_leave",
    "description": "Detail a leave request"
  },
  {
    "name": "leaves_view_leave_statistics",
    "description": "View leave statistics for all staff"
  },
  {
    "name": "leaves_view_leave_type",
    "description": "View Leave Type"
  },
  {
    "name": "leaves_view_staff_leave",
    "description": "View all leave requests for a staff"
  },
  {
    "name": "leaves_view_staff_leave_statistics",
    "description": "View Leave Statistics for a staff"
  },
  {
    "name": "leaves_mark_staff_as_reported",
    "description": "Mark a leave request by a staff to have reported back from leave"
  },
  {
    "name": "leaves_approve_leave",
    "description": "Approve a leave request"
  },
  {
    "name": "leaves_create_approval_flow",
    "description": "Create a new leave approval flow"
  },
  {
    "name": "leaves_unpaid_leave",
    "description": "List unpaid leave days total"
  },
  {
    "name": "leaves_create_leave",
    "description": "Create a new leave request"
  },
  {
    "name": "leaves_create_leave_types",
    "description": "Create a leave type"
  },
  {
    "name": "leaves_delete_approval_flow",
    "description": "Soft delete a leave approval flow"
  },
  {
    "name": "leaves_delete_leave",
    "description": "Soft delete leave request"
  },
  {
    "name": "leaves_delete_leave_types",
    "description": "Soft delete leave type"
  },
  {
    "name": "leaves_destroy_approval_flow",
    "description": "Permanently delete a leave approval flow"
  },
  {
    "name": "leaves_destroy_leave",
    "description": "Permanently delete a leave request"
  },
  {
    "name": "leaves_destroy_leave_types",
    "description": "Permanently delete a leave type"
  },
  {
    "name": "leaves_filter_leaves",
    "description": "Filter leave requests"
  },
  {
    "name": "leaves_list_approval_flows",
    "description": "List approval flows"
  },
  {
    "name": "leaves_list_leave_types",
    "description": "List leave types"
  },
  {
    "name": "leaves_list_leaves",
    "description": "List leave requests"
  },
  {
    "name": "leaves_reject_leave",
    "description": "Reject a leave request"
  },
  {
    "name": "leaves_restore_approval_flow",
    "description": "Restore a soft deleted leave approval flow"
  },
  {
    "name": "leaves_restore_leave",
    "description": "Restore a soft deleted leave request"
  },
  {
    "name": "leaves_restore_leave_types",
    "description": "Restore a soft deleted leave type"
  },
  {
    "name": "leaves_update_leave",
    "description": "Update a leave request"
  },
  {
    "name": "leaves_update_leave_types",
    "description": "Update a leave type"
  },
  {
    "name": "leaves_view_approval_flows",
    "description": "List approval flows"
  },
  {
    "name": "leaves_view_leave",
    "description": "Detail a leave request"
  },
  {
    "name": "leaves_view_leave_statistics",
    "description": "View leave statistics for all staff"
  },
  {
    "name": "leaves_view_leave_type",
    "description": "View Leave Type"
  },
  {
    "name": "leaves_view_staff_leave",
    "description": "View all leave requests for a staff"
  },
  {
    "name": "leaves_view_staff_leave_statistics",
    "description": "View Leave Statistics for a staff"
  },
  {
    "name": "performance_clock_in_staff",
    "description": "Clock in a staff to work"
  },
  {
    "name": "performance_clock_out_staff",
    "description": "Clock out a staff from work"
  },
  {
    "name": "performance_list_attendance",
    "description": "List attendance"
  },
  {
    "name": "performance_create_attendance",
    "description": "Create an attendance"
  },
  {
    "name": "performance_detail_attendance",
    "description": "Detail an attendance"
  },
  {
    "name": "performance_update_attendance",
    "description": "Update an attendance"
  },
  {
    "name": "performance_delete_attendance",
    "description": "Delete an attendance"
  },
  {
    "name": "performance_view_active_hours",
    "description": "List attendance which have active hours calculated"
  },
  {
    "name": "performance_filter_attendance",
    "description": "Filter attendance list"
  },
  {
    "name": "performance_list_milestones",
    "description": "List all milestones"
  },
  {
    "name": "performance_create_milestones",
    "description": "Create a new milestone"
  },
  {
    "name": "performance_detail_milestone",
    "description": "Detail a specific milestone"
  },
  {
    "name": "performance_update_milestone",
    "description": "Update a milestone"
  },
  {
    "name": "performance_delete_milestone",
    "description": "Delete a milestone"
  },
  {
    "name": "performance_status_milestone",
    "description": "Update the status of a milestone"
  },
  {
    "name": "performance_approve_milestone",
    "description": "Approve a milestone"
  },
  {
    "name": "performance_filter_milestones",
    "description": "Filter milestones"
  },
  {
    "name": "performance_assign_milestone",
    "description": "Assign a milestone to a staff"
  },
  {
    "name": "performance_close_milestone",
    "description": "Close a milestone"
  },
  {
    "name": "performance_list_tasks",
    "description": "List all tasks"
  },
  {
    "name": "performance_create_task",
    "description": "Create a task"
  },
  {
    "name": "performance_detail_task",
    "description": "Detail a task"
  },
  {
    "name": "performance_update_tasks",
    "description": "Update a task"
  },
  {
    "name": "performance_delete_tasks",
    "description": "Delete a task"
  },
  {
    "name": "performance_approve_tasks",
    "description": "Approve a task"
  },
  {
    "name": "audit_list_audits",
    "description": "List all audit trails"
  },
  {
    "name": "audit_list_history",
    "description": "List all record history"
  },
  {
    "name": "calendar_save_holiday",
    "description": "Create a new holiday"
  },
  {
    "name": "calendar_update_holiday",
    "description": "Update a holiday"
  },
  {
    "name": "calendar_delete_holiday",
    "description": "Permanently delete a holiday"
  }
]







